{
  "__type__": "cc.SpriteFrame",
  "content": {
    "name": "key",
    "atlas": "",
    "rect": {
      "x": 64,
      "y": 84,
      "width": 232,
      "height": 191
    },
    "offset": {
      "x": 0,
      "y": 0.5
    },
    "originalSize": {
      "width": 360,
      "height": 360
    },
    "rotated": false,
    "capInsets": [
      0,
      0,
      0,
      0
    ],
    "vertices": {
      "rawPosition": [
        -116,
        -95.5,
        0,
        116,
        -95.5,
        0,
        -116,
        95.5,
        0,
        116,
        95.5,
        0
      ],
      "indexes": [
        0,
        1,
        2,
        2,
        1,
        3
      ],
      "uv": [
        64,
        276,
        296,
        276,
        64,
        85,
        296,
        85
      ],
      "nuv": [
        0.17777777777777778,
        0.2361111111111111,
        0.8222222222222222,
        0.2361111111111111,
        0.17777777777777778,
        0.7666666666666667,
        0.8222222222222222,
        0.7666666666666667
      ],
      "minPos": {
        "x": -116,
        "y": -95.5,
        "z": 0
      },
      "maxPos": {
        "x": 116,
        "y": 95.5,
        "z": 0
      }
    },
    "texture": "3a613e5e-7ccc-4b7d-9ba4-fc644d8df3b0@6c48a",
    "packable": true,
    "pixelsToUnit": 100,
    "pivot": {
      "x": 0.5,
      "y": 0.5
    },
    "meshType": 0
  }
}