{
  "gizmos-infos": {
    "is2D": true,
    "is3DIcon": false,
    "iconSize": 2,
    "gridVisible": true,
    "gridColor": [
      166,
      166,
      166,
      255
    ],
    "transformToolName": "position",
    "pivot": "pivot",
    "coordinate": "local",
    "toolsVisibility3d": true
  },
  "__version__": "1.0.0",
  "builder": {
    "taskOptionsMap": {},
    "__version__": "1.3.8"
  },
  "snap-configs": {
    "position": {
      "x": 1,
      "y": 1,
      "z": 1
    },
    "rotation": 1,
    "scale": 1,
    "isPositionSnapEnabled": false,
    "isRotationSnapEnabled": false,
    "isScaleSnapEnabled": false
  },
  "rect-snap-configs": {
    "enableSnapping": true,
    "snapThreshold": 4
  },
  "camera-infos": {
    "8c538cfb-739d-4bd9-ae70-32270935c097": {
      "position": {
        "x": 640,
        "y": 360,
        "z": 5000
      },
      "rotation": {
        "x": 0,
        "y": 0,
        "z": 0,
        "w": 1
      },
      "viewCenter": {
        "x": 0,
        "y": 0,
        "z": 0
      },
      "contentRect": {
        "x": 551.111111111111,
        "y": 310,
        "width": 466.9,
        "height": 466.9
      },
      "scale": 4.669
    },
    "fab2303d-b512-44dd-9389-ec34b8a672fb": {
      "position": {
        "x": 547.1967930225475,
        "y": 303.1462154037052,
        "z": 5000
      },
      "rotation": {
        "x": 0,
        "y": 0,
        "z": 0,
        "w": 1
      },
      "viewCenter": {
        "x": 0,
        "y": 0,
        "z": 0
      },
      "contentRect": {
        "x": -207.2769321683542,
        "y": -92.16719755963443,
        "width": 830.0444444444445,
        "height": 466.9
      },
      "scale": 0.5905440907001289
    },
    "bfd0a701-371e-43bb-b67a-084857b2ac99": {
      "position": {
        "x": 640,
        "y": 360.00000000000006,
        "z": 5000
      },
      "rotation": {
        "x": 0,
        "y": 0,
        "z": 0,
        "w": 1
      },
      "viewCenter": {
        "x": 0,
        "y": 0,
        "z": 0
      },
      "contentRect": {
        "x": 0,
        "y": 6.633984479108779e-14,
        "width": 1645.1555555555558,
        "height": 925.4000000000001
      },
      "scale": 1.285277777777778
    },
    "6690bf17-32fe-40f0-8a41-00c3f4c289fb": {
      "position": {
        "x": 640,
        "y": 360.00000000000006,
        "z": 5000
      },
      "rotation": {
        "x": 0,
        "y": 0,
        "z": 0,
        "w": 1
      },
      "viewCenter": {
        "x": 0,
        "y": 0,
        "z": 0
      },
      "contentRect": {
        "x": -9.742813918305522,
        "y": 1.1056640798514632e-13,
        "width": 1645.1555555555558,
        "height": 925.4000000000001
      },
      "scale": 1.285277777777778
    },
    "97f70b3e-87bb-4b25-be90-ebe22ce7c025": {
      "position": {
        "x": 232.80022734980884,
        "y": 507.6909866583929,
        "z": 5000
      },
      "rotation": {
        "x": 0,
        "y": 0,
        "z": 0,
        "w": 1
      },
      "viewCenter": {
        "x": 0,
        "y": 0,
        "z": 0
      },
      "contentRect": {
        "x": 232.80022734980878,
        "y": 507.69098665839283,
        "width": 0,
        "height": 0
      },
      "scale": 2.0748398731312196
    },
    "88d9a023-57a4-4aa7-8930-a07952125c55": {
      "position": {
        "x": 320,
        "y": 480.0000000000001,
        "z": 5000
      },
      "rotation": {
        "x": 0,
        "y": 0,
        "z": 0,
        "w": 1
      },
      "viewCenter": {
        "x": 0,
        "y": 0,
        "z": 0
      },
      "contentRect": {
        "x": 0,
        "y": 5.843829739384846e-14,
        "width": 311.26666666666665,
        "height": 466.9
      },
      "scale": 0.48635416666666664
    },
    "4cd6cb70-53fb-4e62-ad36-c2ef7f28b844": {
      "position": {
        "x": 406.56908061378886,
        "y": 480.5410832072617,
        "z": 5000
      },
      "rotation": {
        "x": 0,
        "y": 0,
        "z": 0,
        "w": 1
      },
      "viewCenter": {
        "x": 0,
        "y": 0,
        "z": 0
      },
      "contentRect": {
        "x": -230.3589193862112,
        "y": 122.8850832072617,
        "width": 1647.9890486948354,
        "height": 925.4000000000001
      },
      "scale": 1.2937012101013265
    },
    "6e67a9bd-6f92-47b0-8ef3-751d843377dc": {
      "position": {
        "x": 376.1827025858003,
        "y": 1.3182641552018595,
        "z": 5000
      },
      "rotation": {
        "x": 0,
        "y": 0,
        "z": 0,
        "w": 1
      },
      "viewCenter": {
        "x": 0,
        "y": 0,
        "z": 0
      },
      "contentRect": {
        "x": 158.19902858752073,
        "y": -157.6906226392836,
        "width": 424.45454545454544,
        "height": 466.9
      },
      "scale": 2.399236971535296
    },
    "b8a0dfa3-da0c-479e-9693-e35545b2d983": {
      "position": {
        "x": 223.53067501837825,
        "y": 487.83403554999416,
        "z": 5000
      },
      "rotation": {
        "x": 0,
        "y": 0,
        "z": 0,
        "w": 1
      },
      "viewCenter": {
        "x": 0,
        "y": 0,
        "z": 0
      },
      "contentRect": {
        "x": 223.53067501837822,
        "y": 487.8340355499941,
        "width": 619.2307692307693,
        "height": 466.9
      },
      "scale": 0.9410904238784753
    },
    "df488bd1-964a-4f1b-8302-5d6f2bc7f731": {
      "position": {
        "x": 215.5292809963439,
        "y": 273.89318491661186,
        "z": 5000
      },
      "rotation": {
        "x": 0,
        "y": 0,
        "z": 0,
        "w": 1
      },
      "viewCenter": {
        "x": 0,
        "y": 0,
        "z": 0
      },
      "contentRect": {
        "x": -246.07907648944294,
        "y": 55.87353955182685,
        "width": 1401.3999999999999,
        "height": 661.8873468373397
      },
      "scale": 1.5179534526117735
    },
    "ad9c422d-dc00-4ae9-ae00-403c01dd3e86": {
      "position": {
        "x": 117.43614267887733,
        "y": 784.2031630017815,
        "z": 5000
      },
      "rotation": {
        "x": 0,
        "y": 0,
        "z": 0,
        "w": 1
      },
      "viewCenter": {
        "x": 0,
        "y": 0,
        "z": 0
      },
      "contentRect": {
        "x": -641.5113094334877,
        "y": 25.255710889416427,
        "width": 763,
        "height": 763
      },
      "scale": 0.5026698474817693
    },
    "e1f57ca3-27e0-44a6-b8f2-45ce684d0e6c": {
      "position": {
        "x": 269.56208135248175,
        "y": 578.0758555160446,
        "z": 5000
      },
      "rotation": {
        "x": 0,
        "y": 0,
        "z": 0,
        "w": 1
      },
      "viewCenter": {
        "x": 0,
        "y": 0,
        "z": 0
      },
      "contentRect": {
        "x": -603.2572512020225,
        "y": -294.7434770384596,
        "width": 0,
        "height": 0
      },
      "scale": 0.43708931020518704
    },
    "bc46aefb-1a38-4990-8fe7-69819b474cc7": {
      "position": {
        "x": 273.53873598305984,
        "y": -52.42706148659636,
        "z": 5000
      },
      "rotation": {
        "x": 0,
        "y": 0,
        "z": 0,
        "w": 1
      },
      "viewCenter": {
        "x": 0,
        "y": 0,
        "z": 0
      },
      "contentRect": {
        "x": -96.65584058776315,
        "y": -252.30967411432076,
        "width": 466.9,
        "height": 466.9
      },
      "scale": 1.8700976292329718
    },
    "30ee7ad3-8950-417e-b1a5-5b09350ba30c": {
      "position": {
        "x": 867.9535803118545,
        "y": 947.1959865068027,
        "z": 5000
      },
      "rotation": {
        "x": 0,
        "y": 0,
        "z": 0,
        "w": 1
      },
      "viewCenter": {
        "x": 0,
        "y": 0,
        "z": 0
      },
      "contentRect": {
        "x": -1697.195058787847,
        "y": -437.82865786047796,
        "width": 1384.6,
        "height": 747.5999999999999
      },
      "scale": 0.26988689444638914
    }
  },